tns_name,sub_num
FRB20180814B,1
FRB20180917A,2
FRB20181019A,1
FRB20181028A,3
FRB20181030E,1
FRB20181117B,1
FRB20181118C,1
FRB20181119D,2
FRB20181125A,1
FRB20181128A,1
FRB20181128C,1
FRB20181222A,4
FRB20181222E,1
FRB20181224E,1
FRB20181226A,1
FRB20181226B,1
FRB20190104A,1
FRB20190109A,1
FRB20190111A,2
FRB20190117A,1
FRB20190122C,1
FRB20190124C,1
FRB20190131D,1
FRB20190208A,3
FRB20190213B,1
FRB20190308C,1
FRB20190411C,1
FRB20190421A,1
FRB20190422A,1
FRB20190423A,1
FRB20190501B,1
FRB20190519A,2
FRB20190519B,3
FRB20190527A,1
FRB20190601C,1
FRB20190604F,2
FRB20190605B,2
FRB20190609A,1
FRB20190611A,1
FRB20190625E,2
FRB20190630A,1
FRB20190702B,1
FRB20190715A,1
FRB20190804E,2
FRB20190805E,1
FRB20190806B,1
FRB20190806C,2
FRB20190810A,2
FRB20190810D,1
FRB20190825A,1
FRB20190825B,1
FRB20190907A,1
FRB20190912F,2
FRB20190915E,2
FRB20190929C,1
FRB20191013C,1
FRB20191016A,1
FRB20191019F,1
FRB20191023B,1
FRB20191025D,3
FRB20191105A,1
FRB20191107C,1
FRB20191110A,4
FRB20191113A,1
FRB20191213B,1
FRB20191215A,1
FRB20191217A,1
FRB20191218A,1
FRB20191219B,1
FRB20200116B,8
FRB20200116E,1
FRB20200117B,1
FRB20200118D,1
FRB20200122A,1
FRB20200122B,1
FRB20200124A,2
FRB20200125C,2
FRB20200202A,1
FRB20200204B,1
FRB20200207A,1
FRB20200210B,1
FRB20200221A,1
FRB20200225A,1
FRB20200302A,1
FRB20200302B,1
FRB20200302C,1
FRB20200313C,1
FRB20200314A,3
FRB20200315A,1
FRB20200317C,1
FRB20200318B,3
FRB20200321E,1
FRB20200401A,1
FRB20200420A,2
FRB20200427A,1
FRB20200428D,1
FRB20200429C,1
FRB20200430C,1
FRB20200513B,1
FRB20200525B,1
FRB20200603B,2
FRB20200614A,1
FRB20200615C,1
FRB20200701A,2
FRB20200706A,3
FRB20200707A,1
FRB20200729A,2
FRB20200806A,1
FRB20200820A,1
FRB20200831A,1
FRB20200905B,1
FRB20200926A,1
FRB20200929C,3
FRB20201010B,1
FRB20201014B,6
FRB20201015A,1
FRB20201018A,1
FRB20201022D,1
FRB20201023B,1
FRB20201102B,2
FRB20201114A,2
FRB20201123D,1
FRB20201124B,1
FRB20201124E,2
FRB20201206C,1
FRB20201210A,1
FRB20201215C,1
FRB20201224B,1
FRB20201225B,1
FRB20201228A,2
FRB20201229C,1
FRB20210101E,1
FRB20210105F,1
FRB20210109B,1
FRB20210113B,1
FRB20210113C,1
FRB20210117D,1
FRB20210119B,3
FRB20210126A,1
FRB20210127D,1
FRB20210130B,1
FRB20210130C,1
FRB20210130H,1
FRB20210206A,3
FRB20210208B,2
FRB20210209C,2
FRB20210211A,1
FRB20210213A,2
FRB20210220B,2
FRB20210222B,2
FRB20210224A,2
FRB20210301C,1
FRB20210302E,2
FRB20210304D,1
FRB20210330B,1
FRB20210331B,1
FRB20210331F,1
FRB20210413C,1
FRB20210426B,1
FRB20210501A,1
FRB20210504E,1
FRB20210513B,1
FRB20210518B,1
FRB20210523C,6
FRB20210601A,1
FRB20210601F,2
FRB20210601H,1
FRB20210603A,2
FRB20210603C,1
FRB20210606D,3
FRB20210612B,1
FRB20210614C,1
FRB20210624A,1
FRB20210624B,1
FRB20210712A,1
FRB20210811A,1
FRB20210823A,2
FRB20210830B,1
FRB20210901A,1
FRB20210925F,1
FRB20210929C,1
FRB20211003D,1
FRB20211005B,3
FRB20211009B,1
FRB20211102E,1
FRB20211107D,1
FRB20211108A,1
FRB20211112B,1
FRB20211114A,3
FRB20211115A,1
FRB20211116C,2
FRB20211119B,2
FRB20211119D,2
FRB20211119E,2
FRB20211120D,1
FRB20211206A,1
FRB20211225A,1
FRB20211228A,2
FRB20211229A,5
FRB20211229E,2
FRB20220118A,1
FRB20220119A,1
FRB20220124A,1
FRB20220202A,2
FRB20220203A,3
FRB20220206A,1
FRB20220225A,1
FRB20220225C,1
FRB20220228D,1
FRB20220306B,1
FRB20220308D,1
FRB20220316B,2
FRB20220317B,1
FRB20220325A,3
FRB20220329B,2
FRB20220420E,1
FRB20220424C,1
FRB20220426A,1
FRB20220509F,1
FRB20220525A,2
FRB20220612A,1
FRB20220614A,2
FRB20220615B,2
FRB20220618C,1
FRB20220621D,1
FRB20220626A,1
FRB20220627D,1
FRB20220711B,2
FRB20220714C,3
FRB20220725B,1
FRB20220806A,1
FRB20220811A,1
FRB20220822B,1
FRB20220904F,2
FRB20220907A,2
FRB20220910A,2
FRB20221012C,3
FRB20221014D,1
FRB20221021A,1
FRB20221022C,1
FRB20221025H,1
FRB20221030C,2
FRB20221031C,2
FRB20221102B,4
FRB20221102C,1
FRB20221103C,1
FRB20221107E,1
FRB20221107I,1
FRB20221108A,1
FRB20221109E,2
FRB20221112G,1
FRB20221114B,2
FRB20221115B,1
FRB20221116E,2
FRB20221116F,6
FRB20221116J,2
FRB20221117I,1
FRB20221129A,2
FRB20221129B,2
FRB20221130D,2
FRB20221202A,1
FRB20221203D,1
FRB20221203J,2
FRB20221203K,2
FRB20221205B,1
FRB20221205F,1
FRB20221205G,1
FRB20221206A,1
FRB20221206E,2
FRB20221206I,1
FRB20221207E,2
FRB20221208A,3
FRB20221208C,1
FRB20221210C,5
FRB20221210E,2
FRB20221210I,1
FRB20221212C,1
FRB20221214B,2
FRB20221215A,1
FRB20221215H,1
FRB20221216A,1
FRB20221216B,1
FRB20221217C,1
FRB20221219E,1
FRB20221221A,1
FRB20221221B,3
FRB20221224C,2
FRB20221231B,1
FRB20221231C,2
FRB20230102C,1
FRB20230106C,1
FRB20230106D,1
FRB20230107B,1
FRB20230124B,1
FRB20230126A,1
FRB20230202A,1
FRB20230205A,2
FRB20230306D,1
FRB20230314D,2
FRB20230316E,1
FRB20230325B,1
FRB20230329C,1
FRB20230402B,1
FRB20230403A,3
FRB20230414D,1
FRB20230418A,2
FRB20230418C,1
FRB20230427B,2
FRB20230502D,1
FRB20230502E,2
FRB20230504C,3
FRB20230510B,3
FRB20230510C,2
FRB20230510H,1
FRB20230511E,3
FRB20230605C,3
FRB20230606A,1
FRB20230608A,1
FRB20230623A,4
FRB20230624B,1
FRB20230628B,1
FRB20230628F,1
FRB20230629J,1
FRB20230702E,1
FRB20230703A,1
FRB20230708C,1
FRB20230725D,1
FRB20230802A,2
FRB20230802C,1
FRB20230804A,3
FRB20230805B,1
FRB20230808D,1
FRB20230815C,2
FRB20230825E,1
FRB20230825I,1
FRB20230826A,1
FRB20230826B,1
FRB20230904A,1
FRB20230911B,2
FRB20230912E,1
